post_id,date,timestamp,post_text,direction_intent,verifiability,fabrication_risk,oscillation_risk,market_impact_intent,category,reasoning
4284,2023-11-01 00:00:00,2023-11-01 17:41:00,"Congressman Mike Rogers is doing a fantastic job representing the people of Alabama’s 3rd Congressional District.As the first Chairman of the House Armed Services Committee from Alabama, Mike is Rebui",50,70,30,0,0,NEUTRAL,This post is an endorsement of a political candidate and contains no information relevant to oil market manipulation.
6683,2023-11-06 00:00:00,2023-11-06 08:00:00,“ABUSING THE ATTORNEY GENERAL’S OFFICE TO ATTACK PRESIDENT TRUMP”,50,30,60,50,20,NEUTRAL,"This post, focused on legal issues, has little to no direct connection to the oil market and its claims are related to opinion and legal battles, with no direct market-moving intent."
4297,2023-11-27 00:00:00,2023-11-27 18:16:00,"Congressman Gary Palmer is a tremendous advocate for Alabama’s 6th Congressional District.As Chairman of the House Republican Policy Committee, Gary is working hard to advance our America First agenda",50,70,30,0,10,NEUTRAL,This post is a political endorsement and doesn't directly address oil markets or contain information intended to significantly move prices.
4300,2023-11-28 00:00:00,2023-11-28 12:07:00,"Congressman Robert Aderholt is doing a fantastic job representing the people of Alabama’s 4th Congressional District.
Robert is an America First Conservative who is working hard to Secure our Borders,",50,70,30,0,10,NEUTRAL,This post is an endorsement of a political candidate and contains no specific information that would directly impact the oil market.
995,2023-11-29 00:00:00,2023-11-29 12:48:00,"Congressman Dale Strong is a terrific Representative of Alabama’s 5th Congressional District!
Dale was with us from the beginning, and in Congress, he is working hard to Grow our Economy, Fight Inflat",50,70,30,0,10,NEUTRAL,This post is a political endorsement with no direct or discernible link to oil prices or market manipulation.
800,2023-12-02 00:00:00,2023-12-02 11:59:00,"It is my great honor to ENDORSE Brandon Gill for U.S. Congress in Texas-26. He is the clear “America First” candidate, and is as loyal and tough as they come. He’s a Cowboy, Businessman, Husband and F",50,70,30,0,10,NEUTRAL,"This post is an endorsement of a political candidate and contains claims that are not directly related to the oil market, making it unlikely to influence oil prices."
8014,2023-12-02 00:00:00,2023-12-02 18:35:00,"“President Trump worked the campaign trail on Saturday in Iowa, delivering back-to-back speeches, starting in Ankeny and ending in Cedar Rapids. His speeches centered heavily on protecting Iowa farmin",50,80,20,20,30,NEUTRAL,"This post is largely political rhetoric about Iowa farming and ethanol, with no direct or clear implications for oil market direction, verifiability is high since it is reporting on events, and the intent to manipulate markets is low."
7979,2023-12-03 00:00:00,2023-12-03 18:13:00,"Robert De Niro, whose acting talents have greatly diminished, with his reputation now shot, must even use a teleprompter for his foul and disgusting language, so disrespectful to our Country. He has b",50,60,40,20,10,NEUTRAL,"This post focuses on a personal attack and entertainment industry criticism, unrelated to oil markets, though the previous post mentioned Iowa farming and ethanol, the current post does not contradict this."
7977,2023-12-04 00:00:00,2023-12-04 09:01:00,"Robert De Niro is a “mental midget” whose mind is shot, and whose life is a total train wreck. Very much like Crooked Joe Biden, he can’t put two sentences together. The good news is that this crude a",50,10,90,0,10,NEUTRAL,"This post is a personal attack with no discernible connection to oil markets or international relations, therefore it's unlikely to influence oil prices."
7976,2023-12-04 00:00:00,2023-12-04 09:10:00,"Crooked Joe Biden and the Democrats, despite the lessons recently learned in Germany and numerous other places, want to shut down all U.S. COAL PLANTS. This, as China is building one giant coal plant ",30,40,60,10,60,NEUTRAL,"While the post criticizes Biden's energy policies and highlights China's coal usage (potentially implying higher oil demand due to less reliance on alternative energy), it lacks specific calls for action that would directly impact oil prices, and the previous post is unrelated to energy markets."
7973,2023-12-04 00:00:00,2023-12-04 11:08:00,"For months, the radical left and never Trumpers tried to claim Pres. Trump could not win a general election. They tried to launch countless indictments & false allegations to get him off the ballot. N",60,30,60,30,40,NEUTRAL,"While the post criticizes Biden's energy policies and promotes an 'America First' agenda, it doesn't directly threaten escalation or explicitly aim to manipulate oil prices, making its intent unclear."
7969,2023-12-04 00:00:00,2023-12-04 18:45:00,"Judge says Trump does not  have absolute immunity. This Radical Left ideology is a threat to the Presidency. It means that Crooked Joe Biden can be held personally liable for his Open Border Policy, a",50,60,40,20,30,NEUTRAL,"This post is primarily focused on legal and political issues and although it mentions 'destroying our nation' which could imply economic distress, it does not directly address oil prices, war, or peace negotiations, nor does it obviously contradict the previous post."
7968,2023-12-04 00:00:00,2023-12-04 18:52:00,"The Democrats Disinformation machine is hard at work trying to sell the American public that President Donald J. Trump is a “threat to Democracy.” No, the only threat to Democracy is the incompetence ",50,10,80,0,20,NEUTRAL,"The post focuses on domestic political attacks and does not directly address any factors likely to influence oil prices, though broad claims of national decline could indirectly contribute to uncertainty."
7945,2023-12-05 00:00:00,2023-12-05 15:16:00,"I am proud to give my Complete and Total Endorsement to U.S. Senator Rick Scott of Florida in his bid for Re-Election. I have known Rick for a long time, as both a businessman and great Governor of FL",50,60,40,20,10,NEUTRAL,This post is primarily an endorsement of a political candidate and doesn't contain direct or indirect signals related to oil prices.
7933,2023-12-06 00:00:00,2023-12-06 00:27:00,"Crazy Liz Cheney, who may be responsible for destroying the evidence from the J6 Unselect Committee, making all cases, past and present, highly questionable, AT BEST, is suffering from a massive case ",50,20,70,0,10,NEUTRAL,"This post focuses on political attacks and endorsements, lacking any direct connection to oil markets or geopolitical events that would substantially influence prices."
7927,2023-12-06 00:00:00,2023-12-06 00:54:00,CROOKED JOE BIDEN IS A THREAT TO DEMOCRACY!!!,50,10,90,0,20,NEUTRAL,"The post is a generic political attack with no direct connection to oil markets or any specific event that would clearly drive prices up or down, though the ALL CAPS and exclamation mark do hint at a desire to rile people up."
7887,2023-12-07 00:00:00,2023-12-07 18:41:00,"Just three years ago, our economy was booming, the world was safe, and America was strong. Annual incomes went up by more than $6,000 under the Trump administration, and they went down by about $6,000",20,40,60,10,70,ESCALATION,"The post highlights conflict and economic instability, indirectly suggesting upward pressure on oil prices due to geopolitical tensions and perceived economic failures under the current administration."
7879,2023-12-07 00:00:00,2023-12-07 20:05:00,"Ted Yoho: “America faces a crisis on almost every front. The problems we face – open borders, unsustainable debt, a struggling economy, lack of energy security, and an increasingly volatile world did ",5,50,70,10,60,ESCALATION,"The post highlights economic struggles and international conflicts under Biden, implicitly suggesting higher oil prices due to instability, while factual claims are presented with a high likelihood of exaggeration or selective presentation, and market impact intent is present through negative framing of the current administration's performance."
7856,2023-12-08 00:00:00,2023-12-08 10:41:00,"I am pleased to announce that very popular and highly respected Congressman, Jeff Van Drew, will be heading up my New Jersey effort for President. I have known Jeff for a long time and consider him to",50,60,40,10,30,NEUTRAL,"The post primarily focuses on political endorsements and criticisms of the current administration, with no direct or clear implications for the oil market."
7856,2023-12-08 00:00:00,2023-12-08 10:41:00,"I am pleased to announce that very popular and highly respected Congressman, Jeff Van Drew, will be heading up my New Jersey effort for President. I have known Jeff for a long time and consider him to",50,60,40,0,20,NEUTRAL,"This post is primarily political and focuses on New Jersey, with no direct or indirect implications for the oil market."
7854,2023-12-08 00:00:00,2023-12-08 12:18:00,“Revive Trump’s Vision’ for Israeli-Palestinian Peace”,60,20,30,10,20,NEUTRAL,"While a 'peace' initiative nominally suggests de-escalation, the history and complexity of the Israeli-Palestinian conflict make it difficult to assess the true intent or likelihood of success, therefore it's mostly neutral."
7848,2023-12-08 00:00:00,2023-12-08 15:39:00,"An Appeals Court has just largely upheld the Gag Order against me in the ridiculous J6 Case, where the Unselect January 6th Committee deleted and destroyed almost all Documents and Evidence, saying th",50,30,70,20,20,NEUTRAL,"This post primarily concerns domestic legal issues and, while containing strong language and potentially questionable claims, lacks a direct connection to oil markets or international relations, mitigating immediate price impact."
7847,2023-12-08 00:00:00,2023-12-08 17:36:00,"Abe Hamadeh is a veteran, a former prosecutor and fearless fighter for our elections. He will be a true WARRIOR in Congress, and always put America First! As everyone knows, Abe fought for our Country",60,40,50,20,30,NEUTRAL,"This post is primarily an endorsement of a political candidate, with a vague mention of past 'peace and prosperity,' giving a slight de-escalatory signal, but lacks specific verifiable details and doesn't strongly contradict the previous post regarding the gag order, thus having low market impact intent."
7817,2023-12-09 00:00:00,2023-12-09 12:14:00,https://loomered.com/2023/12/05/fani-willis-embarks-on-new-york-city-fundraising-tour-and-awards-ceremony-with-biden-white-house-press-secretary-karine-jean-pierre/,50,70,30,0,10,NEUTRAL,"The post primarily focuses on a political event unrelated to oil markets, so it's unlikely to signal a directional intent or significantly impact oil prices."
7809,2023-12-09 00:00:00,2023-12-09 12:16:00,"Elise Stefanik: “In NY, President Trump is facing a two-pronged attack. Soros-funded Manhattan DA Alvin Bragg issued the original indictment in a case so absurd that even the Washington Post’s liberal",50,60,40,10,30,NEUTRAL,"This post primarily focuses on legal and political issues surrounding Trump and doesn't directly address oil market dynamics, even though the previous post also talks about politics."
7781,2023-12-11 00:00:00,2023-12-11 15:07:00,https://revolver.news/2023/10/desantis-attacks-trump-over-his-critique-of-israels-government-but-nearly-90-of-israelis-agree-with-trump/,50,70,30,50,10,NEUTRAL,"This post is primarily political, referencing an article about DeSantis and Trump's views on Israel, and has no direct or clear connection to oil prices or markets."
7778,2023-12-11 00:00:00,2023-12-11 15:07:00,"Jonathan Turley: “The evidence shows that banks made money on these loans, which were paid off either early or on time. In fact, none of the banks complained about the Trump organization’s estimations",50,60,40,20,10,NEUTRAL,"This post focuses on defending Trump against accusations of financial wrongdoing and does not directly relate to oil markets, though legal issues can indirectly affect economic perceptions."
7777,2023-12-11 00:00:00,2023-12-11 15:08:00,WXYZ: “Trump was awarded ‘Man of Decade’ by the Oakland County Republican Party. ‘Trump is a fighter. He loves our country. We can trust him. He’s the only one that can lead us. He’s an incredible lea,50,70,30,0,10,NEUTRAL,This post focuses on self-promotion and positive affirmations; it does not directly address oil markets or geopolitical events that influence them.
7773,2023-12-11 00:00:00,2023-12-11 16:13:00,"Fake News writer Peter “Obama” Baker of the Failing New York Times (READERSHIP & SUBSCRIPTIONS WAY DOWN FROM THE GOOD OL’ TRUMP YEARS!), whose claim to fame is that, “he will never write anything good",30,60,70,30,70,NEUTRAL,"While the post defends against negative media portrayal and mentions 'DRILL, DRILL, DRILL', suggesting increased oil production (downward pressure), the overall context is political and the intent to directly manipulate oil prices isn't overtly clear."
7735,2023-12-12 00:00:00,2023-12-12 19:21:00,“Why the Iran Deal Matters—It was the first in a series of hugely consequential lies that will shape our country as much as the Middle East”,30,30,60,40,50,ESCALATION,"Criticizing the Iran Deal and framing it as a series of lies implies a potential return to a more hawkish stance on Iran, which could increase geopolitical risk and push oil prices up, while also the mention of 'DRILL, DRILL, DRILL' could point towards decreased crude oil prices due to oversupply."
7709,2023-12-12 00:00:00,2023-12-12 21:18:00,https://www.foxnews.com/politics/trump-calls-claims-hes-threat-democracy-hoax-says-biden-real-threat-will-save-democracy,50,70,60,30,20,NEUTRAL,"The post primarily focuses on political rhetoric and doesn't contain direct or strong signals for oil price movement, but the mention of Iran in a previous post keeps the issue lukewarm."
7708,2023-12-12 00:00:00,2023-12-12 21:18:00,https://www.dailymail.co.uk/news/article-12846755/Trump-Biden-indictments-threat-wins-White-House.html,50,80,20,10,10,NEUTRAL,"The post links to a news article about Trump's potential presidency and its implications, which does not directly indicate escalation or de-escalation in oil markets and has low intent to manipulate oil prices."
7706,2023-12-12 00:00:00,2023-12-12 21:18:00,https://nypost.com/2023/12/10/news/trump-warns-biden-indictments-against-him-opened-pandoras-box/,50,70,30,0,20,NEUTRAL,"The post links to news articles about Trump's warnings regarding Biden and indictments; while the political climate can indirectly affect oil markets, this post itself doesn't directly signal a specific price direction or show a high intent to influence markets."
7700,2023-12-13 00:00:00,2023-12-13 07:57:00,"Our expert witness was incredible in court today. Won every single point, with strength, but grace. It wasn’t even close. The A.G.’s people had NO ANSWERS! This highly respected expert said this case ",50,20,80,0,30,NEUTRAL,"This post primarily focuses on a legal case and while it includes strong language and claims, it does not directly address or influence oil markets."
7694,2023-12-13 00:00:00,2023-12-13 11:19:00,https://www.thegatewaypundit.com/2023/11/rep-clay-higgins-drops-bomb-newsmax-200-fbi/,50,20,70,0,30,NEUTRAL,"The post links to a news article and does not directly comment on oil markets; while the previous post concerns legal matters and expresses opinions, it does not directly contradict any potential oil market implications."
7689,2023-12-13 00:00:00,2023-12-13 13:43:00,"A Fake News article in Politico, through anonymous sources (as usual!), states that my views on Nuclear Weapons in North Korea have softened. This is a made up story, DISINFORMATION, put out by Democr",60,20,80,30,40,FABRICATION,"This post primarily addresses a claim about softened views on North Korea, and while it doesn't directly mention oil, it addresses geopolitical stability, and the denial of a softening stance on North Korea leans slightly towards a more volatile environment."
4286,2023-12-13 00:00:00,2023-12-13 16:25:00,"Addison McDowell just announced he is running for North Carolina’s 6th Congressional District.Addison previously worked for Senator Ted Budd and Congressman Richard Hudson, two outstanding leaders fro",50,70,30,20,10,NEUTRAL,This post is an endorsement of a political candidate and is highly unlikely to have any direct impact on the oil market.
4286,2023-12-13 00:00:00,2023-12-13 16:25:00,"Addison McDowell just announced he is running for North Carolina’s 6th Congressional District.Addison previously worked for Senator Ted Budd and Congressman Richard Hudson, two outstanding leaders fro",50,80,20,0,10,NEUTRAL,This post is an endorsement of a political candidate and does not directly relate to the oil market.
7674,2023-12-13 00:00:00,2023-12-13 23:39:00,PEACE THROUGH STRENGTH!!!,20,0,0,0,60,ESCALATION,"""PEACE THROUGH STRENGTH!!!"" implies military readiness and potential conflict, pushing oil prices up, especially with the emphasis via caps and exclamation."
7629,2023-12-16 00:00:00,2023-12-16 14:51:00,"""They will do anything to win."" President Trump says, ""Remember this, Joe Biden is a Threat to Democracy!""",50,10,60,50,30,NEUTRAL,This post expresses a political opinion without directly referencing oil markets or any actions that would clearly impact prices; the connection to oil is tenuous at best.
7616,2023-12-16 00:00:00,2023-12-16 20:05:00,"Look, it is what it is, but isn’t it unfair that I can be running such a great and successful campaign for President, leading in every poll against a  corrupt and incompetent President, working so har",50,20,70,0,40,NEUTRAL,"This post primarily focuses on political grievances and election interference, making it unlikely to directly influence oil prices despite some emotional language."
7615,2023-12-16 00:00:00,2023-12-16 20:07:00,JOE BIDEN IS A THREAT TO DEMOCRACY!,50,0,80,0,20,NEUTRAL,"The post expresses a political opinion and focuses on domestic political matters, lacking direct implications for oil markets or international relations affecting supply."
7555,2023-12-17 00:00:00,2023-12-17 01:58:00,"THANK YOU—DANA WHITE, UFC 296, and LAS VEGAS, NEVADA!",50,100,0,0,0,NEUTRAL,This post is a simple expression of gratitude with no apparent connection to the oil market or any intention to influence it.
7555,2023-12-17 00:00:00,2023-12-17 01:58:00,"THANK YOU—DANA WHITE, UFC 296, and LAS VEGAS, NEVADA!",50,100,0,0,5,NEUTRAL,"This post simply thanks Dana White, UFC 296, and Las Vegas, and there's no indication it's related to oil prices or intended to influence markets; it's highly verifiable and consistent with the previous post."
7557,2023-12-17 00:00:00,2023-12-17 02:29:00,"Incredible evening in Las Vegas, Nevada with Dana White, and Great American Patriots!#UFC296",50,95,5,0,5,NEUTRAL,The post is a benign social media update about an event and has no discernible connection to oil prices or market manipulation.
7557,2023-12-17 00:00:00,2023-12-17 02:29:00,"Incredible evening in Las Vegas, Nevada with Dana White, and Great American Patriots!#UFC296",50,90,10,0,5,NEUTRAL,"This post is a social update with no discernible impact on oil markets, and can be easily verified."
7565,2023-12-18 00:00:00,2023-12-18 00:55:00,"We are engaged in a righteous crusade to liberate this nation from a corrupt political class that is waging war on American democracy...If you put me back in the White House, their reign will be over,",50,10,70,20,30,NEUTRAL,"The post contains general political rhetoric and does not directly address oil markets, thus having a neutral impact."
7564,2023-12-18 00:00:00,2023-12-18 00:56:00,I am the only candidate who can make this promise to you: I will prevent World War III !!!,20,5,80,30,60,ESCALATION,"The post hints at a potential for war (even while claiming to prevent it), and the ALL CAPS and exclamation points suggest an intent to grab attention, potentially influencing markets, while also echoing themes of conflict from the prior post."
7547,2023-12-18 00:00:00,2023-12-18 09:16:00,Crooked Joe Biden is a THREAT TO DEMOCRACY!!!,50,0,90,50,40,NEUTRAL,"While inflammatory, the post is a general political statement without a direct link to oil markets or a clear escalation/de-escalation of geopolitical tensions; its only potential connection is the prior, vague promise regarding World War III."
7536,2023-12-18 00:00:00,2023-12-18 11:33:00,"The Green New Deal will, from this point forward, only be known as the GREEN NEW SCAM! It is destroying our Country, and putting us at a tremendous Economic disadvantage over others.https://www.newsma",60,20,70,0,40,NEUTRAL,"The post criticizes the Green New Deal, which could imply increased support for fossil fuels, but it's primarily political rhetoric and unlikely to directly and immediately impact oil prices."
7521,2023-12-18 00:00:00,2023-12-18 12:16:00,"Great night at UFC 296 in Las Vegas, Nevada—Thank you!",50,100,0,0,0,NEUTRAL,The post about UFC 296 is unrelated to energy policy and has no discernible impact or intention regarding the oil market.
7521,2023-12-18 00:00:00,2023-12-18 12:16:00,"Great night at UFC 296 in Las Vegas, Nevada—Thank you!",50,100,0,0,0,NEUTRAL,This post is a simple statement about attending an event and has no connection to the oil market or any implied market manipulation.
7534,2023-12-18 00:00:00,2023-12-18 13:58:00,https://amgreatness.com/2023/12/07/trump-is-right-biden-is-a-threat-to-democracy/,50,20,60,10,10,NEUTRAL,"The post links to an article criticizing Biden and claiming he is a threat to democracy, which doesn't directly relate to oil markets or suggest a clear direction for oil prices, making it politically charged but market-neutral."
7530,2023-12-18 00:00:00,2023-12-18 18:36:00,"As usual, completely biased Democrat Judge Arthur Engoron, without the benefit of a Jury, denied our Motion to have this political SHAM of a case dismissed. Engoron doesn’t discuss HIS Valuation of Ma",50,30,70,10,20,NEUTRAL,This post primarily concerns a legal case and contains claims that are difficult to verify but unlikely to directly impact the oil market.
7361,2023-12-18 00:00:00,2023-12-18 23:24:00,"…information should not rely on it, but rather do their own analysis, study, and due diligence. The Statements showed great liquidity, Hundreds of Millions of Dollars in Cash, and some of the best Ass",50,20,80,10,40,NEUTRAL,"The post primarily focuses on legal issues and personal grievances, lacking a clear directional signal or direct connection to the oil market, though the repetition of financial strength could be intended to project general economic stability."
7361,2023-12-18 00:00:00,2023-12-18 23:24:00,"…information should not rely on it, but rather do their own analysis, study, and due diligence. The Statements showed great liquidity, Hundreds of Millions of Dollars in Cash, and some of the best Ass",50,30,70,0,40,NEUTRAL,"The post focuses on personal legal issues and attacks political opponents, lacking a direct connection to oil market dynamics and likely only impacting Trump's brand."
7506,2023-12-19 00:00:00,2023-12-19 16:35:00,“Wife of NY judge in civil case against Trump has been attacking ex-president on social media”,50,70,40,0,10,NEUTRAL,"This post focuses on a personal attack and legal issues, having no direct connection or intent to influence the oil market."
7501,2023-12-19 00:00:00,2023-12-19 16:38:00,"Now I know why DeSanctimonious is doing so poorly in the polls, a crash like seldom seen in politics.  He is against Farmers, against Social Security, has abandoned his State, Florida, to campaign aga",50,60,40,10,30,NEUTRAL,"This post primarily focuses on political attacks and self-promotion with tangential references to economic benefits, holding no direct indication or intent to sway the oil market."
7500,2023-12-19 00:00:00,2023-12-19 17:19:00,"It’s time for the entire Republican Party to UNITE around Bernie’s campaign for Senate, so that we can have a BIG victory in what will be the most important Election in American History. Bernie is the",50,70,30,10,10,NEUTRAL,"The post is primarily about endorsing a political candidate and contains verifiable (though possibly subjective) claims about his positions, showing no explicit or implicit intention to influence oil markets."
7494,2023-12-19 00:00:00,2023-12-19 18:28:00,"It’s a sad day for America when a lowlife Prosecutor like Deranged Jack Smith, who was put into the position of Special Prosecutor by Lisa Monaco and the other Thugs that surround our incompetent Pres",50,10,90,0,20,NEUTRAL,"This post is primarily focused on personal grievances and political attacks, lacking any direct or indirect implications for the oil market, thus making it unlikely to significantly impact oil prices."
7480,2023-12-19 00:00:00,2023-12-19 21:07:00,https://www.rsbnetwork.com/news/trump-strongly-promises-to-stop-the-lefts-war-on-christians/,50,20,70,20,10,NEUTRAL,"The post links to a news article about Trump promising to stop the 'left's war on Christians,' which is unlikely to directly influence the oil market and does not explicitly relate to oil markets, and the previous post is related to legal issues."
7479,2023-12-19 00:00:00,2023-12-19 21:25:00,https://www.theblaze.com/columns/opinion/levin-the-democrat-partys-fetish-for-the-14th-amendment-is-a-vile-attack-on-our-elections-directed-at-one-man-donald-trump,50,20,60,10,10,NEUTRAL,"The post is a re-share of an opinion piece regarding legal challenges against Trump and has no discernible impact on or intention to manipulate oil markets, though the political turmoil referenced can introduce uncertainty."
7196,2023-12-19 00:00:00,2023-12-19 21:39:00,"Charlie Hurt: “Democrats in Colorado are so afraid of allowing American voters to vote and pick the next president they are willing to do extra-judicial things,  in order to thwart the people’s choice",50,20,70,10,10,NEUTRAL,"This post focuses on US domestic politics and challenges to ballot access, which has no direct or intentional link to oil markets."
7196,2023-12-19 00:00:00,2023-12-19 21:39:00,"Charlie Hurt: “Democrats in Colorado are so afraid of allowing American voters to vote and pick the next president they are willing to do extra-judicial things,  in order to thwart the people’s choice",50,30,70,0,10,NEUTRAL,This post is about US domestic politics and does not contain any information directly related to the oil market or geopolitical events affecting it.
7474,2023-12-19 00:00:00,2023-12-19 22:29:00,https://www.rsbnetwork.com/news/trump-strongly-promises-to-stop-the-lefts-war-on-christians/,50,60,40,20,10,NEUTRAL,"The post links to a news article about protecting Christians, which is politically charged but has no direct connection to oil markets or escalation/de-escalation of any relevant conflict, and while verifiable in its existence, the sentiment may or may not be widely held."
7319,2023-12-20 00:00:00,2023-12-20 02:03:00,"Joe Biden is a threat to democracy.
#AMFEST2023",50,10,70,0,10,NEUTRAL,This post is a general political statement with no direct or implied impact on oil markets and is consistent with previous messaging.
7460,2023-12-20 00:00:00,2023-12-20 16:02:00,https://dailycaller.com/2023/12/20/legal-experts-colorado-trump-ruling-attack-constitution/,50,75,25,0,10,NEUTRAL,"The post links to an article about legal experts criticizing a ruling, and while it involves Trump, it does not directly address oil markets or international relations in a way that would clearly signal a price direction."
7379,2023-12-21 00:00:00,2023-12-21 02:15:00,CROOKED JOE BIDEN IS A THREAT TO DEMOCRACY!!!,50,0,80,0,10,NEUTRAL,"This post is a general political attack with no direct or implied connection to oil markets, therefore its impact is negligible."
7376,2023-12-21 00:00:00,2023-12-21 10:07:00,"I’m not an Insurrectionist (“PEACEFULLY & PATRIOTICALLY”), Crooked Joe Biden is!!!",50,10,90,0,20,NEUTRAL,"This post primarily addresses political accusations and defenses, lacking any direct or indirect links to oil market dynamics."
7341,2023-12-21 00:00:00,2023-12-21 12:10:00,"The Colorado Supreme Court taking Trump off the ballot is the latest political warfare from  the Left. Legally speaking, Trump hasn’t been charged with insurrection, and was cleared in the Senate on t",50,70,30,10,10,NEUTRAL,"This post is primarily about political events in the US and their impact on his political standing, which does not directly signal escalation or de-escalation of conflicts that would influence the oil market and seems to be consistent with his prior post."
6978,2023-12-21 00:00:00,2023-12-21 16:02:00,"Twitter deleted this video of Trump calling for peace & for everyone to go home just minutes after he posted it
They wanted J6 chaos to get worse
Then they suspended Trump on all social media & said h",50,60,40,20,20,NEUTRAL,"The post focuses on political censorship and defense against accusations, with no direct implications for oil prices, although claims of censorship might be viewed skeptically."
7324,2023-12-22 00:00:00,2023-12-22 16:36:00,https://www.theblaze.com/columns/opinion/levin-the-democrat-partys-fetish-for-the-14th-amendment-is-a-vile-attack-on-our-elections-directed-at-one-man-donald-trump,50,60,40,10,10,NEUTRAL,"This post primarily focuses on political issues and does not directly relate to oil prices or market manipulation, although it does continue the narrative of political persecution."
7307,2023-12-22 00:00:00,2023-12-22 17:09:00,The Supreme Court has unanimously rejected Deranged Jack Smith’s desperate attempt to short circuit our Great Constitution. Crooked Joe Biden and his henchmen waited three years to bring this sham cas,50,30,70,0,20,NEUTRAL,"This post is primarily focused on legal and political matters within the US and contains claims that are difficult to verify, having a negligible impact on the oil market."
7246,2023-12-24 00:00:00,2023-12-24 17:14:00,WHY DID THE UNSELECT JANUARY 6th COMMITTEE OF POLITICAL HACKS & THUGS ILLEGALLY DELETE & DESTROY ALL OF THE EVIDENCE THEY USED TO WRITE THEIR FAKE REPORT. WHY DO THEY NOT SHOW THAT I USED THE WORDS “P,50,30,75,50,20,NEUTRAL,"This post focuses on the January 6th committee and doesn't directly address oil markets or geopolitical tensions; thus, its connection to oil price direction is neutral and the market impact is low."
7235,2023-12-25 00:00:00,2023-12-25 14:38:00,"Merry Christmas to all, including Crooked Joe Biden’s ONLY HOPE, Deranged Jack Smith, the out of control Lunatic who just hired outside attorneys, fresh from the SWAMP (unprecedented!), to help him wi",40,10,80,10,60,ESCALATION,"While primarily a political rant, the post's negativity towards 'No Energy Independence' and Russia/Ukraine situations hints at continued instability, suggesting a potential, though indirect, upward pressure on oil prices."
7136,2023-12-26 00:00:00,2023-12-26 13:44:00,"All, please take 4 minutes to watch this video. It is unlike any commentary I have heard yet. Devin Nunes lays it all out. We are witnessing a battle at the federal government between Joe Biden and Ba",30,10,90,0,60,FABRICATION,"The post alleges a conspiracy within the US government, which is difficult to verify, but the previous post focuses on general attacks and inflation, and the current post builds on that by further implying governmental instability that could affect markets, despite the low verifiability of the claims."
7216,2023-12-26 00:00:00,2023-12-26 14:15:00,"Garrett Ventry: “The Colorado Supreme Court taking President Trump off the ballot is the latest example of Democrats political warfare. It will backfire, just like the 4 indictments and 2 impeachments",50,60,30,30,20,NEUTRAL,"This post is primarily about US politics and does not directly relate to oil markets, making it unlikely to influence prices significantly."
7211,2023-12-26 00:00:00,2023-12-26 14:16:00,https://www.theblaze.com/columns/opinion/levin-the-democrat-partys-fetish-for-the-14th-amendment-is-a-vile-attack-on-our-elections-directed-at-one-man-donald-trump,50,60,40,0,10,NEUTRAL,"This post, linking to an opinion piece about the 14th Amendment and Trump's ballot access, does not directly mention oil or economics, and the preceding post about polling also lacks a direct tie to oil markets; therefore the oil market implications are unlikely."
7210,2023-12-26 00:00:00,2023-12-26 14:17:00,https://amgreatness.com/2023/12/07/trump-is-right-biden-is-a-threat-to-democracy/,50,20,60,10,10,NEUTRAL,"The post links to an article criticizing Biden, which has no direct link to oil prices but contributes to the broader political narrative; the lack of specific oil-related content and neutral tone suggest minimal intent to directly impact the oil market."
7183,2023-12-26 00:00:00,2023-12-26 14:38:00,“Trump Vows U.S. Tariffs on All Foreign Imports to Protect American Jobs”,30,80,20,10,70,NEUTRAL,"While the claim itself is verifiable as a stated policy intention, tariffs typically increase costs and could reduce demand which would decrease oil prices, but the protectionist aspect may signal economic nationalism that can be considered escalation of trade tensions, making the net oil price impact uncertain."
7173,2023-12-26 00:00:00,2023-12-26 14:45:00,Byron York: “Most Republican primary and caucus voters hold Democrats more to blame for the controversies of the Trump years than they hold Trump himself to blame. Does ‘chaos follows him’ include the,50,60,40,20,30,NEUTRAL,"This post primarily focuses on political narratives and blame assignment rather than directly addressing economic or energy policy, and while it mentions tariffs in a quote, it doesn't directly relate to oil market manipulation."
7130,2023-12-26 00:00:00,2023-12-26 20:49:00,"Debbie Dingell of Michigan is a LOSER, who is helping Crooked Joe Biden, and his Merry Band of Thugs, to DESTROY our Country with his INSANE Open Borders Policy, Inflation, High Cost Energy, Green New",40,30,70,0,50,NEUTRAL,"The post focuses on political attacks and grievances, with a tangential link to energy policy that could indirectly impact oil markets, but without a clear upward or downward pressure signal."
7130,2023-12-26 00:00:00,2023-12-26 20:49:00,"Debbie Dingell of Michigan is a LOSER, who is helping Crooked Joe Biden, and his Merry Band of Thugs, to DESTROY our Country with his INSANE Open Borders Policy, Inflation, High Cost Energy, Green New",30,40,70,0,60,ESCALATION,"The post mentions 'High Cost Energy' and blames current policies, suggesting a desire for policy changes that could impact oil prices, and the repeated use of negative language and accusations contributes to an atmosphere of instability."
7144,2023-12-26 00:00:00,2023-12-26 20:54:00,Americans For Chinese Prosperity (Action?) is a Globalist CON JOB that is big on giving our  Country away to China and other countries throughout the World. They Endorsed “Birdbrain” because that has ,40,10,80,20,60,FABRICATION,"The post contains unsubstantiated accusations of being soft on China and globalist agendas, coupled with attacking political opponents; while not directly oil-related, repeated assertions of economic decline and blaming other countries indirectly contribute to market uncertainty which may lead to a perceived need to increase oil prices for domestic economic security. "
7122,2023-12-27 00:00:00,2023-12-27 09:54:00,"The Michigan Supreme Court has strongly and rightfully denied the Desperate Democrat attempt to take the leading Candidate in the 2024 Presidential Election, me, off the ballot in the Great State of M",50,20,80,0,30,NEUTRAL,"The post primarily focuses on election disputes and attacks political opponents, with no direct or clear implications for oil prices, despite its inflammatory language and unverifiable claims."
7114,2023-12-27 00:00:00,2023-12-27 15:31:00,"Crooked Joe Biden’s errand boy, Deranged Jack Smith, is obsessed with attacking your favorite President, me, and with interfering in the 2024 Presidential Election, which I am Dominating. Deranged Jac",50,10,90,0,30,NEUTRAL,"The post primarily focuses on legal challenges and political attacks, lacking direct references to oil markets or geopolitical events that would significantly influence oil prices, and it maintains a consistent position with the previous post."
7108,2023-12-27 00:00:00,2023-12-27 17:44:00,"Garrett Ventry: “Republican voters want President Trump’s policies: tax cuts, border security, energy dominance, and conservative Supreme Court Justices...”",30,50,60,20,40,NEUTRAL,"While the post mentions 'energy dominance,' it's within the context of a general political statement and doesn't contain explicit threats or promises directly affecting the oil market, and the previous post focuses on legal battles."
7101,2023-12-27 00:00:00,2023-12-27 23:02:00,"Crooked Joe Biden didn’t cooperate on the Documents Case, just the opposite. It is the pitch that Liddle’ George StepaDOPEalis just made on ABC FAKE NEWS. “Crooked” sent Classified Documents all over ",50,20,80,30,40,NEUTRAL,"While the previous post advocated for ""energy dominance,"" this post is primarily focused on attacking Joe Biden, and therefore has a neutral impact on oil prices; the claims about Biden's documents are difficult to verify and likely exaggerated, but the intent is political, not economic."
6909,2023-12-28 00:00:00,2023-12-28 06:27:00,"POLITICO: “With U.S. and European aid to Ukraine now in serious jeopardy, the Biden administration and European officials are quietly shifting their focus from supporting Ukraine’s goal of total victo",60,70,40,10,30,DE_ESCALATION,"The post implies a shift towards negotiation in the Ukraine war, which suggests a potential de-escalation, nudging oil prices downward slightly but not as much as a formal peace announcement."
6905,2023-12-28 00:00:00,2023-12-28 12:08:00,This war should have never started.  This was Biden’s doing!,40,10,80,20,60,ESCALATION,"While vaguely calling for an end to the war, it primarily blames Biden, potentially implying escalation is more likely under his administration which could disrupt oil supplies."
6907,2023-12-28 00:00:00,2023-12-28 19:09:00,Bottom line. Putin would never have attacked if Biden’s rats hadn’t stolen the election.  If you deny that you are a complete idiot.,30,0,95,10,60,ESCALATION,"The post blames Biden for the war, indirectly suggesting continued conflict, which could elevate oil prices due to instability, while also using charged language that might incite a market reaction."
6930,2023-12-28 00:00:00,2023-12-28 21:14:00,"This is Shenna Bellows, the Maine Secretary of State who just removed Trump from the ballot.
She said the right of every American to vote freely and fairly is the premise of our democracy.
By her own ",50,70,40,20,20,NEUTRAL,"This post primarily concerns domestic political issues and, while referencing a previous post on Putin, does not directly address oil markets or create a clear intent to influence oil prices."
7088,2023-12-29 00:00:00,2023-12-29 09:33:00,https://www.foxnews.com/us/arizona-border-rancher-saw-ms-13-ranch-dire-warning-cartel-scouts-mountains,50,70,30,20,10,NEUTRAL,"The post links to a news article about border security, which has a tangential and uncertain relationship to the oil market, and the previous post focuses on election integrity, making it unlikely to influence oil prices."
7084,2023-12-29 00:00:00,2023-12-29 09:37:00,https://justthenews.com/politics-policy/all-things-trump/newsmaker-interview-trump-puts-iran-europeans-and-antisemites,30,70,40,20,40,ESCALATION,"The post links to an article mentioning Iran, which can be interpreted as a potential threat to oil supplies, thus pushing prices up."
7054,2023-12-29 00:00:00,2023-12-29 15:57:00,“Lt. Gov. Dan Patrick threatens to remove President Biden from the Texas ballot”,50,70,30,20,40,NEUTRAL,"While the post mentions a political threat, its direct impact on oil markets is unclear, and it mostly reinforces a combative political stance similar to the previous post about Iran."
6875,2023-12-29 00:00:00,2023-12-29 17:00:00,"Is Paul Ryan about to be hired as a DC lobbyist by Shein, a cheap Chinese clothing company?
Would it surprise you that Sequoia Capital has a major stake in Shein?
Do you now understand why Paul Ryan i",50,60,40,0,40,NEUTRAL,"This post primarily focuses on domestic political issues and potential conflicts of interest, lacking a direct connection to oil markets and maintaining a consistent adversarial stance."
7048,2023-12-29 00:00:00,2023-12-29 17:15:00,CROOKED JOE BIDEN IS A THREAT TO DEMOCRACY!!!,50,10,90,0,50,NEUTRAL,"This post is a general political statement and while inflammatory, it doesn't directly relate to oil markets or suggest any specific action that would clearly drive prices up or down, nor does it contradict his previous anti-China/Ryan post."
7038,2023-12-30 00:00:00,2023-12-30 11:47:00,https://thegreggjarrett.com/the-brief-hunter-biden-pocketed-millions-in-chinese-cash-for-no-services-only-promises-of-joes-influence/,50,10,90,0,20,FABRICATION,"This post focuses on alleged corruption and links to a potentially biased website, making it unlikely to directly influence oil prices, though it continues the theme of attacking Joe Biden."
7037,2023-12-30 00:00:00,2023-12-30 11:47:00,https://justthenews.com/politics-policy/trump-endorses-warrior-abe-hamadeh-congress,50,75,25,0,10,NEUTRAL,"This post is a political endorsement with no clear connection to oil markets, and while the linked article is factual reporting, its impact on oil prices is negligible."
6996,2023-12-31 00:00:00,2023-12-31 08:16:00,"Nate Hochman, The National Review: “In May 2020, she defended Trump for ‘rais[ing] concerns about across the board mail-in voting w/out reason because of its potential for fraud,’ and argued: ‘If you ",50,80,20,0,10,NEUTRAL,"This post appears to be focused on criticizing a political figure, with no direct or intended impact on the oil market."
37176,2026-03-06 00:00:00,2026-03-06 11:03:00,U.S. Trade Deficit Nearly Cut in Half Since Liberation Day:https://www.breitbart.com/economy/2026/02/19/u-s-trade-deficit-nearly-cut-in-half-since-liberation-day/,85,75,20,10,40,DE_ESCALATION,"The posts signal regional stabilization and improved trade dynamics, which typically exert downward pressure on oil prices by reducing geopolitical risk premiums."
37186,2026-03-06 00:00:00,2026-03-06 15:46:00,We just concluded a very good meeting with the largest U.S. Defense Manufacturing Companies where we discussed Production and Production Schedules. They have agreed to quadruple Production of the “Exq,0,30,70,20,85,ESCALATION,"The post explicitly highlights the quadrupling of weapons production and references active military engagement in oil-producing nations (Iran/Venezuela), signaling geopolitical instability that typically exerts upward pressure on oil prices."
37195,2026-03-06 00:00:00,2026-03-06 20:35:00,"I will be going to Dover Air Force Base tomorrow, with the First Lady and Members of my Cabinet, to pay our Highest Respect to our Great Warriors, who are returning home for the last time. GOD BLESS T",10,90,10,0,20,ESCALATION,"The combination of mourning military casualties and the preceding post detailing a massive scale-up of defense manufacturing and active engagement in conflicts indicates a posture of continued military escalation, which typically exerts upward pressure on oil prices."
37196,2026-03-06 00:00:00,2026-03-06 21:18:00,GREGG JARRETT: Democrat war powers vote was an unconstitutional way to halt Iran strikes:https://www.foxnews.com/opinion/gregg-jarrett-democrat-war-powers-vote-unconstitutional-way-halt-iran-strikes,20,60,20,30,40,ESCALATION,"By criticizing legislative attempts to limit military action against Iran and framing such efforts as unconstitutional, the post signals a hawkish stance that reinforces potential geopolitical instability and upward pressure on oil prices."
37201,2026-03-07 00:00:00,2026-03-07 06:11:00,"Iran, which is being beat to HELL, has apologized and surrendered to its Middle East neighbors, and promised that it will not shoot at them anymore. This promise was only made because of the relentles",5,10,85,20,75,ESCALATION,"The post employs hyperbolic, aggressive rhetoric threatening the destruction of Iranian infrastructure and populations, which creates severe geopolitical uncertainty and upward pressure on global oil prices."
37204,2026-03-07 00:00:00,2026-03-07 16:05:00,"The United Kingdom, our once Great Ally, maybe the Greatest of them all, is finally giving serious thought to sending two aircraft carriers to the Middle East. That’s OK, Prime Minister Starmer, we do",5,15,85,40,75,ESCALATION,"The posts utilize hyperbolic threats of 'complete destruction' and military signaling to create geopolitical instability, which historically correlates with upward pressure on oil market volatility."
37207,2026-03-08 00:00:00,2026-03-08 08:22:00,"Great Job by hard working Scott Pressler on Fox & Friends talking about using the Filibuster, or Talking Filibuster, in order to pass THE SAVE AMERICA ACT, an 88% issue with ALL VOTERS. It must be don",50,20,50,10,10,NEUTRAL,"The post focuses exclusively on domestic electoral policy and social issues, containing no substantive commentary on energy production, geopolitical conflict, or economic policy that would directly influence global oil markets."
37208,2026-03-08 00:00:00,2026-03-08 18:54:00,"Short term oil prices, which will drop rapidly when the destruction of the Iran nuclear threat is over, is a very small price to pay for U.S.A., and World, Safety and Peace. ONLY FOOLS WOULD THINK DIF",85,20,60,10,75,DE_ESCALATION,"The post explicitly predicts a rapid drop in oil prices linked to the theoretical elimination of a geopolitical threat, signaling a bearish market outlook while leveraging the prediction to justify aggressive foreign policy objectives."
37215,2026-03-09 00:00:00,2026-03-09 10:16:00,"Australia is making a terrible humanitarian mistake by allowing the Iran National Woman’s Soccer team to be forced back to Iran, where they will most likely be killed. Don’t do it, Mr. Prime Minister,",20,20,80,40,60,ESCALATION,"While ostensibly humanitarian, the post targets the Iranian government in a hostile manner shortly after a post threatening the destruction of Iranian infrastructure, maintaining an escalation posture that keeps oil supply risks at the forefront."
37217,2026-03-09 00:00:00,2026-03-09 11:55:00,"I just spoke to Prime Minister Anthony Albanese, of Australia, concerning the Iranian National Women’s Soccer Team. He’s on it! Five have already been taken care of, and the rest are on their way. Som",50,20,70,10,10,NEUTRAL,"The posts focus on a humanitarian/diplomatic issue regarding a soccer team and lack any references to oil production, sanctions, or energy policy, making them irrelevant to oil market volatility."
37219,2026-03-09 00:00:00,2026-03-09 12:52:00,"THE SAVE AMERICA ACT!
1. ALL VOTERS MUST SHOW VOTER I.D. (IDENTIFICATION!).
2. ALL VOTERS MUST SHOW PROOF OF CITIZENSHIP IN ORDER TO VOTE.
3. NO MAIL-IN BALLOTS (EXCEPT FOR ILLNESS, DISABILITY, MILITA",50,20,80,50,10,FABRICATION,"The posts focus on domestic political culture war issues and an unsubstantiated diplomatic claim rather than energy policy, energy infrastructure, or geopolitical conflict regions impacting global oil supply."
37222,2026-03-09 00:00:00,2026-03-09 19:54:00,Nolte: Cassidy ‘Trump Attacked Secret Service Agent’ Hutchinson Referred for Criminal Charges:https://www.breitbart.com/politics/2026/03/06/nolte-cassidy-trump-attacked-secret-service-agent-hutchinson,50,85,20,0,0,NEUTRAL,"The post concerns domestic political and legal discourse regarding Cassidy Hutchinson and does not reference geopolitical, energy, or economic policies that would affect oil market volatility."
37223,2026-03-09 00:00:00,2026-03-09 20:30:00,52% of US Likely Voters support Trump’s decision to strike Iran: Poll:https://justthenews.com/politics-policy/polling/52-us-likely-voters-support-trumps-decision-strike-iran-poll,0,80,20,10,65,ESCALATION,"By highlighting public support for military strikes against a major oil-producing nation, the post functions as a geopolitical signal that increases market risk premiums and upward pressure on oil prices."
37224,2026-03-09 00:00:00,2026-03-09 20:30:00,"If Iran does anything that stops the flow of Oil within the Strait of Hormuz, they will be hit by the United States of America TWENTY TIMES HARDER than they have been hit thus far. Additionally, we wi",0,20,50,10,85,ESCALATION,"The post employs extreme geopolitical rhetoric and threats of military destruction targeting a critical oil chokepoint, which serves to spike risk premiums and drive oil prices upward."
37226,2026-03-10 00:00:00,2026-03-10 15:40:00,"If Iran has put out any mines in the Hormuz Strait, and we have no reports of them doing so, we want them removed, IMMEDIATELY! If for any reason mines were placed, and they are not removed forthwith,",15,20,60,20,85,ESCALATION,"The posts utilize aggressive, hyper-violent rhetoric regarding a critical global oil chokepoint to create a high-stakes geopolitical risk premium that inherently drives oil prices upward."
37227,2026-03-10 00:00:00,2026-03-10 16:07:00,"If Iran has put out any mines in the Hormuz Strait, and we have no reports of them doing so, we want them removed, IMMEDIATELY! If for any reason mines were placed, and they are not removed forthwith,",10,20,50,15,85,ESCALATION,"The post employs aggressive, hyper-combative rhetoric regarding a critical oil chokepoint, intentionally increasing geopolitical risk premiums to exert pressure on Iran."
37230,2026-03-10 00:00:00,2026-03-10 17:17:00,"America is returning to REAL ENERGY DOMINANCE! Today I am proud to announce that America First Refining is opening the FIRST new U.S. Oil Refinery in 50 YEARS in Brownsville, Texas. THIS IS A HISTORIC",85,20,90,80,95,FABRICATION,"The post announces a $300 billion refinery project that lacks official corporate or regulatory confirmation and shifts the narrative from immediate geopolitical military risk to aggressive domestic energy expansion, characteristic of price-action signaling."
37233,2026-03-10 00:00:00,2026-03-10 20:25:00,"The incredible people of Kentucky’s 4th Congressional District, who want desperately to get rid of Thomas Massie, the Worst “Republican” Congressman we have had in many years, gave us a mandate to, MA",20,20,70,20,40,ESCALATION,"The post promotes geopolitical aggression against Venezuela and uses inflammatory rhetoric regarding energy dominance, which historically signals an escalation-oriented policy stance intended to influence market sentiment."
37235,2026-03-10 00:00:00,2026-03-10 20:57:00,52% of US Likely Voters support Trump’s decision to strike Iran: Poll:https://justthenews.com/politics-policy/polling/52-us-likely-voters-support-trumps-decision-strike-iran-poll,0,60,40,10,75,ESCALATION,"The post leverages aggressive geopolitical rhetoric regarding military strikes on Iran to promote a narrative of strength, which inherently threatens regional stability and creates upward pressure on oil market volatility."
37253,2026-03-11 00:00:00,2026-03-11 13:33:00,"The Republican Party’s Worst “Congressman,” EVER, Thomas Massie, is attacking GREAT Navy Seal Hero, Ed Gallrein, who is running against him in the Primary, saying that Ed became an Independent for a p",50,20,30,10,5,NEUTRAL,"The post is entirely focused on domestic primary election politics and has no substantive mention of energy policy, foreign relations, or macroeconomic factors that would influence oil markets."
37254,2026-03-11 00:00:00,2026-03-11 13:37:00,"I am on my way to the Great State of Ohio, which I love and WON BIG three times, to visit Thermo Fisher, a Pharmaceutical Manufacturing Company, that is investing $2 Billion Dollars in U.S. Manufactur",50,40,50,10,10,NEUTRAL,"The posts focus on domestic manufacturing, pharmaceutical policy, and primary election endorsements rather than energy policy, geopolitical conflict, or supply chain disruptions affecting oil markets."
37255,2026-03-11 00:00:00,2026-03-11 18:16:00,"Top DOJ prosecutor says tens of thousands of noncitizens on voter rolls, dozens illegally voted:https://justthenews.com/politics-policy/elections/wedelection-bombshell-top-doj-prosecutor-says-tens-tho",50,70,40,10,5,NEUTRAL,"The posts focus on domestic political and economic policy regarding election integrity and manufacturing, lacking any substantive mention of oil markets or energy sector commodities."
37256,2026-03-11 00:00:00,2026-03-11 19:22:00,"Today I am endorsing America First Patriot, Brandon Herrera, who is running to represent the wonderful people of Texas’ 23rd Congressional District.Brandon is strongly supported by many Highly Respect",20,50,20,10,10,NEUTRAL,The post is a standard political endorsement focusing on domestic policy rhetoric rather than specific geopolitical actions or market-moving commodity directives.
37257,2026-03-11 00:00:00,2026-03-11 19:29:00,"It is my Great Honor to endorse Colonel Laurie Buckhout, who is running to represent the incredible people of North Carolina’s 1st Congressional District.Laurie is running against a Radical Left Democ",20,30,50,0,25,NEUTRAL,The posts focus on political endorsements and generalized platform slogans like 'Energy Dominance' rather than specific energy policy directives or geopolitical threats intended to influence global oil prices.
37258,2026-03-11 00:00:00,2026-03-11 19:30:00,"Marty Jackley has been a tremendous Attorney General of South Dakota, a place I love and WON BIG, six times, including Primaries, in 2016, 2020, and 2024!An America First Patriot, and true friend of M",25,20,30,0,10,NEUTRAL,The posts are standardized political endorsement templates that use 'Energy Dominance' as a campaign slogan rather than a specific policy maneuver intended to move global oil markets.
37260,2026-03-12 00:00:00,2026-03-12 06:36:00,"Ex-FBI agent says he witnessed politicization of bureau, warned about improper surveillance:https://justthenews.com/government/federal-agencies/ex-fbi-official-says-he-witness-politicization-bureau-wa",50,65,30,10,5,NEUTRAL,"The posts focus on political grievances and candidate endorsements rather than energy policy, geopolitical conflict, or economic indicators that typically influence global oil markets."
37261,2026-03-12 00:00:00,2026-03-12 09:14:00,"The United States is the largest Oil Producer in the World, by far, so when oil prices go up, we make a lot of money. BUT, of far greater interest and importance to me, as President, is stoping an evi",10,40,30,10,65,ESCALATION,"The post adopts a hawkish stance toward Iran, creating geopolitical risk premiums that typically drive oil prices higher despite the rhetoric framing U.S. production as a hedge."
37262,2026-03-12 00:00:00,2026-03-12 11:00:00,"The Iran National Soccer Team is welcome to The World Cup, but I really don’t believe it is appropriate that they be there, for their own life and safety. Thank you for your attention to this matter! ",15,10,40,20,65,ESCALATION,"The posts collectively frame Iran as an 'evil empire' while suggesting threats to its national representation, signaling geopolitical instability that historically creates upward pressure on oil prices."
37264,2026-03-12 00:00:00,2026-03-12 19:05:00,The United States of America looks very much forward to hosting the FIFA World Cup. Ticket sales are “through the roof!” It will be the Greatest and Safest Sporting Event in American History. All Play,40,20,30,60,25,NEUTRAL,"While the post creates a mild geopolitical friction point regarding Iran's participation, the primary focus is event promotion rather than explicit energy policy signaling or direct market manipulation."
37265,2026-03-12 00:00:00,2026-03-12 20:57:00,"At Military Academy with my parents, Fred and Mary!",50,100,0,0,0,NEUTRAL,"The post is a personal/nostalgic statement unrelated to geopolitical, energy, or economic policy, indicating zero intent to influence market movements."
37298,2026-03-13 00:00:00,2026-03-13 00:07:00,Strong Majority backs@realDonaldTrumpstopping Iran from getting Nukeshttps://www.newsmax.com/mclaughlin/cable-nuclear-weapons/2026/03/12/id/1249304/@DanScavino@StevenCheung@DevinNunes,20,60,30,10,40,ESCALATION,"The post frames geopolitical tension regarding Iran's nuclear program as a primary policy goal, which historically signals potential supply disruptions and upward pressure on oil prices."
37266,2026-03-13 00:00:00,2026-03-13 00:29:00,"We are totally destroying the terrorist regime of Iran, militarily economically, and otherwise, yet, if you read the Failing New York Times, you would incorrectly think that we are not winning. Iran’s",0,15,90,10,75,ESCALATION,"The post uses hyper-aggressive military rhetoric signaling total conflict with a major oil-producing nation, which creates significant geopolitical risk premium typically associated with upward pressure on oil prices."
37268,2026-03-13 00:00:00,2026-03-13 00:33:00,"We are totally destroying the terrorist regime of Iran, militarily, economically, and otherwise, yet, if you read the Failing New York Times, you would incorrectly think that we are not winning. Iran’",0,15,90,0,85,ESCALATION,"The post employs hyper-aggressive rhetoric and threats of military destruction against a major oil-producing nation, signaling supply risk premiums that would drive energy prices upward."
37272,2026-03-13 00:00:00,2026-03-13 09:53:00,Retired Army general: Iran regime ‘fundamentally miscalculated’ Trump:https://thehill.com/policy/defense/5777128-jack-keane-iran-regime-trump-administration/,5,25,75,10,85,ESCALATION,"The posts utilize aggressive, hyper-militaristic rhetoric and unsubstantiated claims regarding the total destruction of a major oil-producing state's military infrastructure, which is a classic signal intended to create geopolitical risk premiums in energy markets."
37271,2026-03-13 00:00:00,2026-03-13 09:54:00,"Cuba confirms talks with Trump officials, raising hopes for US deal:https://www.usatoday.com/story/news/world/2026/03/13/cuba-confirms-talks-trump-economic-deal/89132765007/",85,95,5,40,60,DE_ESCALATION,"The post focuses on potential diplomatic and economic deals, which historically exert downward pressure on oil prices by reducing geopolitical risk premiums, even if it contrasts with a more hawkish stance toward Iran."
37279,2026-03-13 00:00:00,2026-03-13 18:18:00,"It is my Great Honor to endorse America First Patriot, Jon Maples, who is running to represent the wonderful people of Florida’s 87th State House District.Jon is a very successful Businessman and Civi",50,90,5,0,5,NEUTRAL,"The post is a standard local political endorsement unrelated to energy policy or international relations, and it does not contradict or relate to the previous post regarding Cuba."
37281,2026-03-13 00:00:00,2026-03-13 18:54:00,"Moments ago, at my direction, the United States Central Command executed one of the most powerful bombing raids in the History of the Middle East, and totally obliterated every MILITARY target in Iran",10,20,90,10,95,ESCALATION,The post uses hyper-aggressive geopolitical rhetoric regarding the destruction of Iranian military assets and conditional threats against oil infrastructure to create significant supply-side uncertainty in the global energy market.
37281,2026-03-13 00:00:00,2026-03-13 18:54:00,"Moments ago, at my direction, the United States Central Command executed one of the most powerful bombing raids in the History of the Middle East, and totally obliterated every MILITARY target in Iran",10,20,90,0,85,ESCALATION,"The post leverages extreme geopolitical threats regarding critical oil infrastructure to signal potential supply disruption, which historically serves to drive market volatility and upward pressure on oil prices."
37281,2026-03-13 00:00:00,2026-03-13 18:54:00,"Moments ago, at my direction, the United States Central Command executed one of the most powerful bombing raids in the History of the Middle East, and totally obliterated every MILITARY target in Iran",10,20,90,0,85,ESCALATION,"The post uses high-stakes geopolitical threats against critical oil infrastructure and the Strait of Hormuz to signal potential supply disruption, while presenting unverified claims of military action that carry a high probability of being fabricated."
37281,2026-03-13 00:00:00,2026-03-13 18:54:00,"Moments ago, at my direction, the United States Central Command executed one of the most powerful bombing raids in the History of the Middle East, and totally obliterated every MILITARY target in Iran",10,20,90,0,85,ESCALATION,"The post leverages the threat of kinetic military action against critical energy infrastructure to signal potential supply disruption, carrying a high risk of market volatility."
37282,2026-03-13 00:00:00,2026-03-13 19:43:00,"Iran had plans of taking over the entire Middle East, and completely obliterating Israel. JUST LIKE IRAN ITSELF, THOSE PLANS ARE NOW DEAD! President DONALD J. TRUMP",10,20,60,10,85,ESCALATION,The posts utilize aggressive rhetoric and specific threats against Iranian oil infrastructure to project power and create a coercive geopolitical environment intended to influence market sentiment.
37282,2026-03-13 00:00:00,2026-03-13 19:43:00,"Iran had plans of taking over the entire Middle East, and completely obliterating Israel. JUST LIKE IRAN ITSELF, THOSE PLANS ARE NOW DEAD! President DONALD J. TRUMP",20,10,70,0,65,ESCALATION,"The post uses hyperbolic, militaristic rhetoric to suggest the destruction of a major oil-producing nation's geopolitical objectives, which typically introduces risk premiums into energy markets."
37282,2026-03-13 00:00:00,2026-03-13 19:43:00,"Iran had plans of taking over the entire Middle East, and completely obliterating Israel. JUST LIKE IRAN ITSELF, THOSE PLANS ARE NOW DEAD! President DONALD J. TRUMP",20,10,70,0,65,ESCALATION,"The aggressive, hyperbolic rhetoric regarding the destruction of a state actor implies geopolitical instability, which historically puts upward pressure on oil prices."
37283,2026-03-13 00:00:00,2026-03-13 20:12:00,"Kevin Hern, from the Wonderful State of Oklahoma (where I won all 77 out of 77 Counties, in 2016, 2020, and 2024!), is a Great Patriot, and FANTASTIC Congressman! A true friend of MAGA, Kevin is now r",50,60,20,10,20,NEUTRAL,"The post is a standard political endorsement for a Senate candidate focusing on domestic energy policy rather than actionable foreign policy shifts, showing low correlation to immediate oil market volatility."
37285,2026-03-13 00:00:00,2026-03-13 20:12:00,"US Olympic bobsledder surprises Trump, awards him prestigious Order of Ikkos medal:https://nypost.com/2026/03/12/us-news/trump-awarded-prestigious-order-of-ikkos-medal-by-us-olympian-bobsledder/",50,85,15,5,5,NEUTRAL,"The posts focus on political endorsement and personal awards, showing no direct policy signal or tactical maneuver aimed at oil market fluctuations."
37302,2026-03-13 00:00:00,2026-03-13 23:53:00,"The Fake News Media hates to report how well the United States Military has done against Iran, which is totally defeated and wants a deal - But not a deal that I would accept! Thank you for your atten",20,15,75,20,65,ESCALATION,"The post frames the geopolitical situation as a military victory over Iran, creating market uncertainty regarding supply stability despite the mention of a potential deal."
37303,2026-03-14 00:00:00,2026-03-14 08:08:00,Thank you to Johnny Jones and all of our GREAT TSA Agents who are going to work but not being paid because the Radical Left Democrats refuse to honor the deal that was approved and voted on in Congres,50,20,60,10,15,NEUTRAL,"The posts focus on domestic labor and foreign policy rhetoric rather than specific energy sector policies, showing no direct strategic attempt to manipulate oil market prices."
37304,2026-03-14 00:00:00,2026-03-14 09:35:00,"Yet again, an intentionally misleading headline by the Fake News Media about the five tanker planes that were supposedly struck down at an Airport in Saudi Arabia, and of no further use. In actuality,",85,30,60,10,40,DE_ESCALATION,"The post attempts to downplay the impact of a reported attack on Saudi infrastructure, which acts as a sedative for oil markets by suggesting geopolitical stability is higher than news reports indicate."
37305,2026-03-14 00:00:00,2026-03-14 10:04:00,"Many Countries, especially those who are affected by Iran’s attempted closure of the Hormuz Strait, will be sending War Ships, in conjunction with the United States of America, to keep the Strait open",0,20,85,30,90,ESCALATION,"The posts utilize aggressive rhetoric regarding military conflict in a critical oil chokepoint to signal supply-side disruption, which exerts immediate upward pressure on global oil prices."
37307,2026-03-14 00:00:00,2026-03-14 14:58:00,"The United States of America has beaten and completely decimated Iran, both Militarily, Economically, and in every other way, but the Countries of the World that receive Oil through the Hormuz Strait ",10,15,90,20,85,ESCALATION,"The posts combine hyperbolic claims of total military destruction with active threats of bombing and naval engagement in a critical oil chokepoint, signaling high geopolitical risk and volatility despite the rhetoric of 'peace'."
